time_published,confidence,sentiment_score
2026-03-04,0.611193,0.121136
2026-03-04,1.0,0.448575
2026-03-04,1.0,0.616152
2026-03-04,0.970476,0.312601
2026-03-04,0.986147,0.738511
2026-03-04,0.990176,0.447508
2026-03-04,1.0,-0.085444
2026-03-04,1.0,0.419875
2026-03-04,1.0,0.422042
2026-03-04,1.0,0.046341
2026-03-04,1.0,0.118777
2026-03-04,1.0,0.312109
2026-03-04,1.0,0.417515
2026-03-04,0.619399,0.100699
2026-03-04,1.0,0.538038
2026-03-04,1.0,0.288263
2026-03-04,0.917379,0.342569
2026-03-04,0.993535,0.076418
2026-03-04,0.5632,0.106234
2026-03-04,0.990599,0.045185
2026-03-04,0.624537,0.14415
2026-03-03,0.606826,-0.217789
2026-03-03,1.0,0.346959
2026-03-03,0.724835,0.104364
2026-03-03,0.721908,0.339222
2026-03-03,0.714537,0.13251
2026-03-03,0.949995,0.122351
2026-03-03,0.632733,0.320767
2026-03-03,1.0,0.171465
2026-03-03,1.0,0.320628
2026-03-03,0.749439,-0.113718
2026-03-03,0.746763,0.290431
2026-03-03,0.931366,-0.329106
2026-03-03,1.0,0.236364
2026-03-03,1.0,0.426321
2026-03-03,1.0,0.484781
2026-03-03,0.605252,0.101853
2026-03-03,0.705578,-0.231226
2026-03-03,0.619076,0.319071
2026-03-03,0.717686,0.318898
2026-03-03,0.544468,-0.183896
2026-03-03,0.905089,0.305831
2026-03-03,0.617674,0.208474
2026-03-03,1.0,0.312773
2026-03-03,1.0,0.006924
2026-03-03,0.988305,0.113387
2026-03-03,1.0,0.246032
2026-03-03,0.624568,0.100143
2026-03-03,1.0,0.052835
2026-03-03,0.737914,0.103486
2026-03-02,0.578057,0.102445
2026-03-02,0.627373,0.228499
2026-03-02,0.714036,0.297361
2026-03-02,1.0,0.28726
2026-03-02,0.752765,0.115137
2026-03-02,0.705644,0.264344
2026-03-02,0.748271,0.325234
2026-03-02,0.894067,0.32945
2026-03-02,0.823978,0.410979
2026-03-02,1.0,0.253556
2026-03-02,1.0,0.64174
2026-03-02,0.725616,-0.117436
2026-03-02,1.0,-0.40979
2026-03-02,0.637999,0.300326
2026-03-02,0.946496,0.335816
2026-03-02,0.73509,0.349029
2026-03-02,1.0,0.473836
2026-03-02,1.0,0.428752
2026-03-02,1.0,0.21735
2026-03-02,1.0,0.425442
2026-03-02,0.625154,0.028973
2026-03-02,0.551469,0.009708
2026-03-02,0.635158,-0.10288
2026-03-02,1.0,0.640729
2026-03-02,1.0,0.804678
2026-03-02,0.988206,0.337693
2026-03-02,0.716278,0.431534
2026-03-02,0.717607,0.114934
2026-03-02,1.0,0.0586
2026-03-02,1.0,0.041693
2026-03-02,0.614017,0.312199
2026-03-02,1.0,0.268697
2026-03-02,0.741073,0.342014
2026-03-02,0.700147,0.346677
2026-03-02,0.620674,0.211601
2026-03-02,0.71561,0.326593
2026-03-02,0.62873,0.333189
2026-03-02,0.31779,0.036831
2026-03-02,1.0,0.249849
2026-03-02,0.974334,0.31669
2026-03-02,0.600102,0.139028
2026-03-02,0.732144,-0.226459
2026-03-02,0.707121,-0.144918
2026-03-01,0.622357,0.236231
2026-03-01,1.0,0.443577
2026-03-01,1.0,0.022788
2026-03-01,0.629398,0.358986
2026-03-01,0.749389,0.280079
2026-03-01,0.706456,0.315363
2026-03-01,0.329097,0.043467
2026-03-01,0.955565,0.442524
2026-03-01,0.706106,0.337668
2026-03-01,1.0,0.232239
2026-03-01,0.693507,0.136808
2026-03-01,1.0,0.329558
2026-03-01,0.763538,0.31979
2026-03-01,0.96145,0.300094
2026-03-01,0.970317,0.280534
2026-03-01,1.0,0.301013
2026-03-01,1.0,0.495597
2026-03-01,0.647188,0.429504
2026-03-01,0.609955,0.345089
2026-03-01,1.0,0.412186
2026-03-01,0.697284,0.304688
2026-03-01,0.683984,0.273288
2026-03-01,0.614451,0.331755
2026-02-28,0.63118,-0.224311
2026-02-28,0.77209,0.118471
2026-02-28,0.928892,-0.219305
2026-02-28,1.0,0.347654
2026-02-28,0.971802,0.260977
2026-02-28,1.0,-0.280825
2026-02-28,0.610264,0.11154
2026-02-28,0.741995,0.325614
2026-02-28,0.607996,0.261813
2026-02-28,1.0,0.310286
2026-02-28,1.0,0.312067
2026-02-28,0.720087,0.304041
2026-02-28,0.607706,0.205917
2026-02-28,0.635953,0.134614
2026-02-28,0.704935,0.34234
2026-02-28,1.0,0.488986
2026-02-28,0.748377,0.348515
2026-02-28,0.625367,-0.219341
2026-02-28,1.0,0.300684
2026-02-28,0.722204,0.301034
2026-02-28,0.932746,0.139656
2026-02-28,0.714283,0.103599
2026-02-28,0.732897,0.115646
2026-02-28,0.638386,0.128336
2026-02-27,0.71052,0.037112
2026-02-27,0.720029,0.321267
2026-02-27,0.824427,0.012737
2026-02-27,0.620399,0.335365
2026-02-27,0.304113,0.003611
2026-02-27,0.628856,0.306867
2026-02-27,0.5591,0.31934
2026-02-27,0.595724,0.148045
2026-02-27,0.613961,0.221178
2026-02-27,1.0,0.09616
2026-02-27,0.703336,0.223664
2026-02-27,0.932416,0.109531
2026-02-27,1.0,0.139643
2026-02-27,0.318508,0.013363
2026-02-27,0.731617,0.126071
2026-02-27,1.0,-0.419372
2026-02-27,0.713455,0.124867
2026-02-27,1.0,0.417365
2026-02-27,1.0,0.253938
2026-02-27,0.621283,0.34628
2026-02-27,0.706723,0.314542
2026-02-27,0.610628,0.13365
2026-02-27,0.644215,0.311016
2026-02-27,0.649485,0.145631
2026-02-27,0.565141,0.085631
2026-02-27,1.0,0.040735
2026-02-27,0.708328,0.039427
2026-02-27,0.760497,0.05317
2026-02-27,1.0,0.01359
2026-02-27,0.712782,0.147421
2026-02-27,0.708025,0.323915
2026-02-27,0.613694,0.319913
2026-02-27,0.602181,0.314216
2026-02-26,1.0,0.009547
2026-02-26,0.702311,0.123594
2026-02-26,0.721438,0.336216
2026-02-26,0.71417,-0.253292
2026-02-26,0.99368,0.380279
2026-02-26,0.781089,-0.115709
2026-02-26,1.0,0.334345
2026-02-26,0.640601,-0.113576
2026-02-26,0.993352,0.327095
2026-02-26,0.724326,-0.111341
2026-02-26,0.705487,0.133173
2026-02-26,1.0,0.27029
2026-02-26,0.999879,0.295096
2026-02-26,0.798184,0.420458
2026-02-26,0.710746,0.307139
2026-02-26,0.680268,0.132676
2026-02-26,0.981537,0.266798
2026-02-26,0.580972,0.337011
2026-02-26,0.605847,0.136394
2026-02-26,1.0,0.428604
2026-02-26,0.572499,0.109722
2026-02-26,0.965857,0.321908
2026-02-26,0.619058,0.265925
2026-02-26,0.903726,0.334162
2026-02-26,0.587148,0.124761
2026-02-26,1.0,0.447373
2026-02-26,0.618682,0.232142
2026-02-26,0.745495,0.349811
2026-02-26,0.634961,0.149326
2026-02-26,0.623372,0.264141
2026-02-26,1.0,0.291065
2026-02-25,0.722452,0.212983
2026-02-25,1.0,0.314119
2026-02-25,0.600997,0.263589
2026-02-25,0.907572,0.200833
2026-02-25,0.724698,0.130949
2026-02-25,0.643841,-0.403385
2026-02-25,0.718794,0.139379
2026-02-25,0.98076,0.496021
2026-02-25,1.0,-0.099431
2026-02-25,0.966053,0.084193
2026-02-25,0.587933,0.123985
2026-02-25,1.0,0.427079
2026-02-25,0.721442,0.203713
2026-02-25,1.0,-0.323014
2026-02-25,0.627568,0.237579
2026-02-25,1.0,0.312093
2026-02-25,0.754926,0.147304
2026-02-25,0.524154,0.022618
2026-02-25,1.0,0.300986
2026-02-25,0.687256,0.323329
2026-02-25,0.563721,-0.179953
2026-02-25,1.0,0.186462
2026-02-25,0.565195,0.148658
2026-02-25,0.591749,-0.069841
2026-02-24,1.0,0.334529
2026-02-24,0.643953,0.317888
2026-02-24,1.0,0.448393
2026-02-24,0.617286,0.126704
2026-02-24,0.736788,0.312413
2026-02-24,1.0,0.496077
2026-02-24,0.949053,0.142555
2026-02-24,0.948588,0.122239
2026-02-24,0.620115,0.113116
2026-02-24,0.715402,-0.22583
2026-02-24,0.627324,0.001017
2026-02-24,1.0,0.088101
2026-02-24,1.0,0.830011
2026-02-24,0.896751,-0.071467
2026-02-24,0.703253,0.242969
2026-02-24,1.0,0.306824
2026-02-24,1.0,0.421363
2026-02-24,1.0,0.441289
2026-02-24,1.0,0.136653
2026-02-24,0.720029,-0.22267
2026-02-24,1.0,0.241229
2026-02-24,0.996134,-0.344186
2026-02-24,0.609197,0.30094
2026-02-24,0.997353,0.347335
2026-02-24,1.0,0.403242
2026-02-24,1.0,0.434455
2026-02-24,0.956126,0.475019
2026-02-24,0.658673,0.319115
2026-02-24,0.978248,0.323968
2026-02-24,1.0,0.327958
2026-02-24,0.979964,0.34485
2026-02-23,0.722596,0.141385
2026-02-23,0.603205,0.308408
2026-02-23,0.644162,0.113347
2026-02-23,1.0,0.478547
2026-02-23,0.606355,-0.129441
2026-02-23,0.636841,0.127211
2026-02-23,1.0,-0.224853
2026-02-23,0.95089,0.335346
2026-02-23,0.737884,0.131826
2026-02-23,0.625711,0.311252
2026-02-23,0.638226,0.142949
2026-02-23,0.640987,0.201761
2026-02-23,0.752193,0.496046
2026-02-23,1.0,0.313821
2026-02-23,0.743579,0.308368
2026-02-23,0.348091,0.049458
2026-02-23,1.0,0.347689
2026-02-23,0.619466,0.120285
2026-02-23,0.719607,0.229217
2026-02-23,0.614169,0.301067
2026-02-23,0.627823,0.238235
2026-02-23,1.0,0.249755
2026-02-23,0.638691,-0.106763
2026-02-23,1.0,-0.089631
2026-02-23,0.645342,0.129639
2026-02-23,1.0,0.326836
2026-02-23,1.0,0.282927
2026-02-22,0.646918,0.02743
2026-02-22,0.737036,0.284321
2026-02-22,0.647296,0.047599
2026-02-22,1.0,0.896336
2026-02-22,0.733936,0.32584
2026-02-22,0.951681,0.308656
2026-02-22,0.617957,0.100797
2026-02-22,0.632068,0.105252
2026-02-22,0.761253,-0.140459
2026-02-22,1.0,-0.284154
2026-02-22,0.607834,0.211092
2026-02-22,0.55499,0.117554
2026-02-22,0.739023,0.116264
2026-02-22,0.554469,-0.230859
2026-02-22,0.646377,0.105042
2026-02-22,0.609251,0.111122
2026-02-22,0.617654,0.149361
2026-02-22,1.0,0.341853
2026-02-22,0.947922,0.406026
2026-02-22,0.622077,0.127166
2026-02-22,1.0,0.421389
2026-02-22,0.977566,0.428546
2026-02-22,0.645593,0.033594
2026-02-22,0.575264,0.349436
2026-02-22,0.613611,0.038227
2026-02-22,0.649709,-0.073791
2026-02-22,0.606545,0.327035
2026-02-22,1.0,0.405313
2026-02-22,0.718252,0.212514
2026-02-22,0.717244,0.44583
2026-02-21,0.625528,0.317873
2026-02-21,0.73728,0.328546
2026-02-21,1.0,-0.236714
2026-02-21,0.638877,-0.116978
2026-02-21,0.661847,0.628575
2026-02-21,0.772114,0.134978
2026-02-21,0.635429,0.120618
2026-02-21,0.722948,0.205389
2026-02-21,0.723764,0.547049
2026-02-21,0.639194,0.147213
2026-02-21,0.716294,0.208101
2026-02-21,0.584576,0.120945
2026-02-21,0.737294,0.394651
2026-02-21,0.802651,-0.214157
2026-02-21,0.770077,0.322648
2026-02-21,0.700337,0.301194
2026-02-21,0.729698,-0.226037
2026-02-21,0.638391,0.306113
2026-02-21,0.708476,0.308901
2026-02-21,0.709137,0.33565
2026-02-21,0.620517,0.121208
2026-02-21,0.611164,-0.111929
2026-02-21,0.638394,0.140752
2026-02-21,0.965724,0.118862
2026-02-21,0.613596,0.136806
2026-02-21,1.0,-0.406506
2026-02-21,0.737344,0.441139
2026-02-21,0.606629,0.342931
2026-02-20,0.734065,-0.227087
2026-02-20,0.646246,0.116219
2026-02-20,0.953973,-0.100336
2026-02-20,0.611118,0.144431
2026-02-20,1.0,-0.206269
2026-02-20,0.949013,0.323637
2026-02-20,0.701873,0.370541
2026-02-20,1.0,0.437724
2026-02-20,0.679616,-0.119954
2026-02-20,0.621595,-0.400485
2026-02-20,1.0,0.522751
2026-02-20,1.0,0.341958
2026-02-20,0.58248,0.144407
2026-02-20,0.988018,-0.641697
2026-02-20,0.573829,0.228237
2026-02-20,1.0,-0.208385
2026-02-20,0.551544,0.143655
2026-02-20,0.713115,0.33912
2026-02-20,1.0,0.077351
2026-02-20,1.0,-0.607236
2026-02-20,1.0,-0.633769
2026-02-20,0.7242,0.106396
2026-02-20,1.0,-0.447918
2026-02-20,0.729111,0.203581
2026-02-20,0.928543,0.370045
2026-02-20,0.631397,0.147852
2026-02-20,0.586018,0.129614
2026-02-20,0.726891,0.081972
2026-02-20,0.74976,0.249939
2026-02-19,0.566151,-0.13736
2026-02-19,0.641338,0.24382
2026-02-19,0.960754,0.295729
2026-02-19,0.645353,0.105109
2026-02-19,0.601324,-0.129978
2026-02-19,0.991708,-0.414908
2026-02-19,0.63867,0.132332
2026-02-19,0.579,-0.107086
2026-02-19,1.0,-0.627556
2026-02-19,0.970923,-0.63683
2026-02-19,0.61982,-0.132486
2026-02-19,0.74883,0.320945
2026-02-19,0.714305,-0.217549
2026-02-19,1.0,-0.406371
2026-02-19,0.541077,0.269332
2026-02-19,0.73493,-0.242348
2026-02-19,0.721131,-0.218697
2026-02-19,0.729159,0.344011
2026-02-19,0.722486,0.315078
2026-02-19,1.0,-0.741149
2026-02-19,0.748541,0.220224
2026-02-19,0.739713,0.319738
2026-02-19,0.606011,-0.226158
2026-02-19,1.0,-0.611668
2026-02-19,0.713893,0.201375
2026-02-19,0.746193,-0.229724
2026-02-19,0.7161,0.225889
2026-02-19,0.720425,0.31328
2026-02-19,0.638784,0.129028
2026-02-19,0.633079,0.295571
2026-02-19,1.0,-0.432756
2026-02-19,1.0,0.388054
2026-02-19,0.703027,0.318829
2026-02-19,0.951126,-0.323127
2026-02-19,0.749599,0.138861
2026-02-19,0.707663,0.085719
2026-02-19,1.0,0.347695
2026-02-19,0.728323,0.330827
2026-02-19,0.732162,0.109913
2026-02-19,0.635032,0.339184
2026-02-19,1.0,0.328513
2026-02-19,0.736312,-0.108688
2026-02-19,0.963841,0.324572
2026-02-19,1.0,0.246699
2026-02-19,0.729565,0.147691
2026-02-19,1.0,0.118863
2026-02-18,0.56134,0.139485
2026-02-18,0.602478,0.218418
2026-02-18,0.73137,0.315045
2026-02-18,0.914883,-0.269701
2026-02-18,1.0,0.346468
2026-02-18,0.724016,0.246611
2026-02-18,0.837764,-0.134119
2026-02-18,1.0,0.303799
2026-02-18,0.998987,0.326485
2026-02-18,0.954487,0.450161
2026-02-18,0.623582,0.349081
2026-02-18,0.623286,-0.114874
2026-02-18,0.625405,0.330429
2026-02-18,0.577515,0.248622
2026-02-18,0.733001,-0.230056
2026-02-18,0.646562,0.005039
2026-02-18,1.0,-0.130788
2026-02-18,0.711872,0.131685
2026-02-18,0.604039,0.225761
2026-02-18,0.956266,0.326609
2026-02-18,0.647078,0.217703
2026-02-18,0.965939,-0.301687
2026-02-18,0.716237,0.311458
2026-02-18,0.726836,0.136247
2026-02-18,0.90847,0.200766
2026-02-18,1.0,-0.227459
2026-02-18,0.563676,0.107025
2026-02-18,0.60612,0.134713
2026-02-18,0.721976,0.347874
2026-02-18,0.61953,-0.328655
2026-02-18,0.701718,0.116787
2026-02-18,0.741597,-0.242615
2026-02-18,0.341888,0.021996
2026-02-18,0.630873,0.246359
2026-02-18,0.747926,-0.240482
2026-02-18,0.714023,-0.216156
2026-02-18,0.643083,0.305443
2026-02-18,0.714536,-0.277489
2026-02-17,1.0,0.335868
2026-02-17,0.639717,-0.113196
2026-02-17,0.972719,0.730003
2026-02-17,1.0,0.458528
2026-02-17,0.910312,0.386622
2026-02-17,1.0,0.321734
2026-02-17,1.0,0.404204
2026-02-17,0.703726,0.225887
2026-02-17,1.0,0.422803
2026-02-17,0.61727,0.350662
2026-02-17,0.637064,0.31936
2026-02-17,1.0,0.41077
2026-02-17,0.674143,0.031106
2026-02-17,1.0,0.427151
2026-02-17,0.937941,-0.243928
2026-02-17,0.608697,0.121996
2026-02-17,0.63971,0.222495
2026-02-17,0.550673,0.027717
2026-02-17,0.741472,0.242792
2026-02-17,0.979828,-0.298904
2026-02-17,0.963657,-0.278552
2026-02-17,0.627802,0.105606
2026-02-17,1.0,0.412892
2026-02-17,0.728672,-0.240181
2026-02-17,0.976817,0.126578
2026-02-17,0.606182,0.207743
2026-02-17,0.714704,-0.130125
2026-02-17,0.611509,0.08567
2026-02-17,0.643101,0.146159
2026-02-17,1.0,0.335409
2026-02-17,0.616082,0.101797
2026-02-17,0.959227,-0.2638
2026-02-17,0.748907,0.133821
2026-02-17,0.6381,0.324004
2026-02-17,0.723465,-0.22708
2026-02-17,0.636821,-0.118241
2026-02-16,0.714824,0.126716
2026-02-16,1.0,0.326821
2026-02-16,0.561872,0.137534
2026-02-16,1.0,0.13225
2026-02-16,0.715088,-0.29494
2026-02-16,0.971665,0.302385
2026-02-16,0.559824,-0.116152
2026-02-16,0.938905,0.265856
2026-02-16,0.636382,0.311391
2026-02-16,0.996894,0.318118
2026-02-16,1.0,0.442348
2026-02-16,0.578626,-0.056477
2026-02-16,1.0,0.414671
2026-02-16,0.718485,0.221742
2026-02-16,0.594822,-0.108066
2026-02-16,1.0,0.494904
2026-02-16,0.627428,0.337184
2026-02-16,1.0,0.213214
2026-02-16,1.0,0.265205
2026-02-16,0.615547,0.159672
2026-02-16,0.587755,-0.055775
2026-02-16,0.74643,0.732932
2026-02-16,0.637165,0.235855
2026-02-16,0.708212,0.113209
2026-02-16,1.0,-0.273176
2026-02-16,1.0,0.005415
2026-02-16,1.0,-0.141667
2026-02-16,0.533295,-0.073067
2026-02-15,0.636069,0.146454
2026-02-15,1.0,0.279297
2026-02-15,0.718776,0.400694
2026-02-15,0.638475,0.144133
2026-02-15,1.0,0.271453
2026-02-15,1.0,0.268087
2026-02-15,1.0,0.089193
2026-02-15,0.925836,0.243622
2026-02-15,1.0,0.23596
2026-02-15,0.994487,0.063175
2026-02-15,1.0,0.243247
2026-02-15,0.989518,0.295388
2026-02-15,0.649153,0.130917
2026-02-15,0.620165,0.125542
2026-02-15,1.0,0.224963
2026-02-15,1.0,0.141944
2026-02-15,0.593476,0.084259
2026-02-15,0.625855,0.32841
2026-02-15,0.993452,0.405468
2026-02-15,0.963552,0.430559
2026-02-15,1.0,0.021338
2026-02-15,0.725714,0.317312
2026-02-14,0.63159,0.146218
2026-02-14,0.646367,0.309514
2026-02-14,0.731066,0.162186
2026-02-14,0.57005,0.290424
2026-02-14,0.588021,0.139665
2026-02-14,0.736725,0.119756
2026-02-14,0.608166,0.333336
2026-02-14,0.905659,0.710108
2026-02-14,0.992492,0.280539
2026-02-14,1.0,-0.207083
2026-02-14,0.627177,0.204423
2026-02-14,0.638798,0.102924
2026-02-14,0.985265,0.120467
2026-02-14,0.820168,0.217165
2026-02-14,0.9708,0.225797
2026-02-14,1.0,0.138463
2026-02-14,0.713116,-0.24867
2026-02-14,0.734587,0.036572
2026-02-14,1.0,-0.129823
2026-02-14,1.0,0.462777
2026-02-14,1.0,-0.116647
2026-02-14,1.0,0.012426
2026-02-14,1.0,0.337843
2026-02-14,1.0,0.201615
2026-02-14,1.0,0.23529
2026-02-14,0.952084,0.280595
2026-02-14,0.976576,0.077175
2026-02-14,0.725835,-0.4333
2026-02-14,1.0,0.208405
2026-02-14,0.729117,0.123111
2026-02-14,0.703351,0.341896
2026-02-14,0.71301,0.298969
2026-02-14,0.635993,0.334216
2026-02-13,0.675934,0.110374
2026-02-13,0.920742,0.437399
2026-02-13,1.0,0.402531
2026-02-13,0.615706,-0.114383
2026-02-13,1.0,0.324423
2026-02-13,0.6087,0.410548
2026-02-13,0.570963,-0.117226
2026-02-13,0.931646,-0.068974
2026-02-13,0.779507,0.219243
2026-02-13,0.709287,0.302298
2026-02-13,0.581519,0.117091
2026-02-13,0.634285,0.034257
2026-02-13,0.636558,-0.105219
2026-02-13,0.603112,-0.137507
2026-02-13,1.0,0.030683
2026-02-13,1.0,0.022469
2026-02-13,1.0,-0.196616
2026-02-13,1.0,0.384879
2026-02-13,0.63498,0.225431
2026-02-13,1.0,0.04834
2026-02-13,0.629637,0.34056
2026-02-13,0.605344,0.345266
2026-02-13,1.0,0.344733
2026-02-13,1.0,0.428735
2026-02-13,0.650618,-0.301828
2026-02-12,0.600208,0.348974
2026-02-12,1.0,-0.233726
2026-02-12,1.0,-0.622151
2026-02-12,0.717407,0.123041
2026-02-12,0.703674,0.109146
2026-02-12,0.609934,-0.239234
2026-02-12,0.705313,0.113878
2026-02-12,0.587078,-0.10307
2026-02-12,0.609092,-0.30433
2026-02-12,0.736928,0.13232
2026-02-12,0.584465,-0.20459
2026-02-12,0.723449,-0.443094
2026-02-12,0.644508,0.085343
2026-02-12,0.600547,-0.316171
2026-02-12,0.966909,-0.415519
2026-02-12,0.659492,0.228363
2026-02-12,0.603407,-0.100142
2026-02-12,1.0,-0.395493
2026-02-12,0.608752,0.309719
2026-02-12,0.621451,-0.112333
2026-02-12,0.938155,0.350447
2026-02-12,0.721577,0.348841
2026-02-12,1.0,-0.400605
2026-02-12,0.602912,0.165158
2026-02-12,0.737646,0.270827
2026-02-12,0.70067,0.317966
2026-02-12,0.720492,-0.132594
2026-02-12,1.0,0.429046
2026-02-12,0.966405,0.294262
2026-02-12,1.0,0.512184
2026-02-12,0.62865,0.34253
2026-02-12,0.600515,-0.133991
2026-02-12,1.0,0.521454
2026-02-12,1.0,0.313014
2026-02-12,0.337738,0.001782
2026-02-12,0.974143,0.742621
2026-02-12,0.608177,-0.209556
2026-02-12,0.629942,0.34783
2026-02-12,0.601592,0.144264
2026-02-12,0.613295,0.305098
2026-02-12,0.641082,0.137795
2026-02-12,0.707862,0.221384
2026-02-12,0.602766,-0.12088
2026-02-12,0.995325,0.493104
2026-02-12,0.736192,0.1061
2026-02-12,0.604947,0.302718
2026-02-12,0.630866,0.12316
2026-02-12,0.646709,0.309108
2026-02-12,0.605382,0.538551
2026-02-12,0.734284,0.103624
2026-02-12,0.712935,0.139315
2026-02-12,0.616093,0.214462
2026-02-12,0.727694,0.300831
2026-02-12,0.640596,0.118406
2026-02-12,0.611955,0.356473
2026-02-12,0.604779,0.122298
2026-02-11,1.0,-0.210531
2026-02-11,0.629285,0.1321
2026-02-11,0.564296,0.231966
2026-02-11,0.707176,-0.208688
2026-02-11,1.0,0.341436
2026-02-11,0.639163,0.110264
2026-02-11,0.929512,-0.232789
2026-02-11,0.565475,0.067337
2026-02-11,0.861216,-0.108471
2026-02-11,0.97591,0.432421
2026-02-11,0.823447,0.117524
2026-02-11,0.788112,-0.317692
2026-02-11,1.0,0.732226
2026-02-11,1.0,0.605565
2026-02-11,0.940397,0.041507
2026-02-11,1.0,0.064118
2026-02-11,0.748269,0.129532
2026-02-11,0.632241,0.135426
2026-02-11,1.0,0.338699
2026-02-11,0.637518,0.340859
2026-02-11,0.557406,0.122262
2026-02-11,1.0,-0.218137
2026-02-11,0.74815,-0.11567
2026-02-11,0.726036,-0.222945
2026-02-11,1.0,0.46323
2026-02-11,1.0,0.407906
2026-02-11,0.305997,0.005097
2026-02-11,0.324265,0.019134
2026-02-11,1.0,0.324979
2026-02-11,0.545323,-0.239679
2026-02-11,0.607939,0.342998
2026-02-11,0.57012,-0.118909
2026-02-11,1.0,0.237716
2026-02-11,1.0,0.12824
2026-02-11,0.642672,0.07148
2026-02-10,0.618856,0.44338
2026-02-10,0.620909,0.384483
2026-02-10,0.738342,0.332295
2026-02-10,0.908128,0.369427
2026-02-10,0.615376,-0.218608
2026-02-10,1.0,0.212428
2026-02-10,0.329652,0.019886
2026-02-10,0.94712,0.421461
2026-02-10,0.636514,0.310108
2026-02-10,1.0,0.627698
2026-02-10,0.731345,0.326658
2026-02-10,0.961346,-0.412711
2026-02-10,0.830882,0.316316
2026-02-10,0.71954,-0.10154
2026-02-10,0.696611,0.283685
2026-02-10,0.600186,0.218933
2026-02-10,0.59846,0.201249
2026-02-10,0.952921,0.123783
2026-02-10,0.60205,0.315342
2026-02-10,0.629292,0.328556
2026-02-10,0.93634,0.313607
2026-02-10,0.953702,0.470334
2026-02-10,0.591333,-0.101436
2026-02-10,0.741681,-0.110578
2026-02-10,1.0,0.215329
2026-02-10,1.0,0.455528
2026-02-10,1.0,0.070208
2026-02-10,1.0,0.196116
2026-02-10,0.645587,0.34197
2026-02-10,1.0,0.327266
2026-02-10,0.557898,-0.141463
2026-02-10,0.832877,0.294557
2026-02-10,1.0,0.424615
2026-02-10,0.726117,0.349567
2026-02-10,0.64563,0.302773
2026-02-10,0.709281,0.300252
2026-02-09,0.710253,0.313314
2026-02-09,0.721988,0.1457
2026-02-09,1.0,0.306621
2026-02-09,0.592212,0.089836
2026-02-09,0.639715,-0.349977
2026-02-09,0.991961,-0.251429
2026-02-09,0.571516,0.140681
2026-02-09,0.604244,0.311064
2026-02-09,1.0,-0.446134
2026-02-09,0.566743,-0.252348
2026-02-09,0.586903,0.112142
2026-02-09,0.615694,0.141663
2026-02-09,0.601067,-0.242653
2026-02-09,0.748127,0.409722
2026-02-09,0.611318,-0.306543
2026-02-09,0.90034,0.217601
2026-02-09,0.643459,0.247865
2026-02-09,1.0,0.116171
2026-02-09,0.612903,0.334743
2026-02-09,0.954433,0.33961
2026-02-09,0.581817,0.01431
2026-02-09,1.0,0.341438
2026-02-09,0.728481,0.115387
2026-02-09,0.607686,-0.420299
2026-02-09,0.706593,0.129826
2026-02-08,1.0,0.512572
2026-02-08,0.703824,-0.12735
2026-02-08,0.736375,0.101801
2026-02-08,1.0,0.406725
2026-02-08,0.630695,0.121733
2026-02-08,0.708782,0.257707
2026-02-08,1.0,0.286789
2026-02-08,0.648539,-0.135023
2026-02-08,1.0,0.403088
2026-02-08,0.70408,0.413299
2026-02-08,0.621134,0.223805
2026-02-08,0.550372,0.238464
2026-02-08,0.69814,0.307716
2026-02-08,0.650016,0.129356
2026-02-08,0.645616,0.102755
2026-02-08,0.610943,0.330963
2026-02-08,1.0,0.315787
2026-02-08,0.623959,0.320946
2026-02-08,0.937119,0.110233
2026-02-08,0.647049,-0.130178
2026-02-07,0.568469,0.237313
2026-02-07,0.600243,0.112242
2026-02-07,0.697514,0.375218
2026-02-07,0.643875,0.124612
2026-02-07,0.726882,0.336783
2026-02-07,0.721658,0.321776
2026-02-07,0.640895,-0.234186
2026-02-07,0.672058,-0.13937
2026-02-07,0.984302,0.144355
2026-02-07,1.0,0.446694
2026-02-07,1.0,0.322255
2026-02-07,0.701295,0.304067
2026-02-07,0.93964,0.021945
2026-02-07,0.754608,0.335266
2026-02-06,0.559752,0.208859
2026-02-06,0.785782,0.271323
2026-02-06,0.64107,0.127305
2026-02-06,1.0,0.426894
2026-02-06,0.786427,0.347701
2026-02-06,0.743379,-0.111668
2026-02-06,0.627493,0.30648
2026-02-06,1.0,-0.076956
2026-02-06,0.598089,0.278856
2026-02-06,0.539,0.254265
2026-02-06,1.0,0.246633
2026-02-06,0.646275,0.309261
2026-02-06,0.583309,0.10543
2026-02-06,1.0,0.635281
2026-02-06,0.648098,0.139486
2026-02-06,0.721565,0.148041
2026-02-06,1.0,0.326801
2026-02-06,1.0,0.262082
2026-02-06,1.0,0.710298
2026-02-06,1.0,0.408945
2026-02-06,1.0,0.308923
2026-02-06,1.0,0.455155
2026-02-06,0.59245,-0.101886
2026-02-06,0.720102,0.340816
2026-02-06,0.586197,-0.224958
2026-02-06,0.913948,-0.285983
2026-02-06,0.745751,-0.114245
2026-02-05,0.51208,-0.108426
2026-02-05,0.618868,0.325004
2026-02-05,0.57155,-0.116008
2026-02-05,0.559159,0.254473
2026-02-05,0.649705,-0.115058
2026-02-05,1.0,0.244424
2026-02-05,0.904562,0.337484
2026-02-05,0.908523,0.102722
2026-02-05,0.640779,0.329771
2026-02-05,0.941252,-0.126107
2026-02-05,0.572535,0.132512
2026-02-05,0.746374,0.130194
2026-02-05,0.706766,0.309939
2026-02-05,0.626814,-0.116929
2026-02-05,0.601973,-0.125137
2026-02-05,1.0,-0.277536
2026-02-05,0.566264,-0.516945
2026-02-05,1.0,0.116943
2026-02-05,0.559935,0.063153
2026-02-05,1.0,0.440137
2026-02-05,0.586979,0.127834
2026-02-05,0.620023,0.230859
2026-02-05,0.64883,0.314155
2026-02-05,0.955089,0.427573
2026-02-05,1.0,0.295424
2026-02-05,0.952163,0.310379
2026-02-05,0.627555,0.304169
2026-02-05,0.718478,0.304831
2026-02-05,1.0,0.393734
2026-02-05,0.623633,0.339158
2026-02-05,1.0,0.453799
2026-02-05,0.647926,0.319701
2026-02-05,0.524876,-0.187243
2026-02-05,1.0,0.332652
2026-02-05,1.0,0.341301
2026-02-05,0.972127,0.301858
2026-02-05,0.745796,-0.216079
2026-02-05,0.726827,-0.219853
2026-02-05,0.720218,0.325958
2026-02-05,0.996987,0.713923
2026-02-05,0.925028,0.243169
2026-02-05,0.640701,0.202546
2026-02-05,1.0,0.299768
2026-02-05,1.0,0.290319
2026-02-05,0.575428,0.283486
2026-02-05,0.609129,0.203616
2026-02-05,0.641218,0.325524
2026-02-05,0.72683,0.211917
2026-02-05,0.900277,0.041161
2026-02-05,0.900366,0.159389
2026-02-05,1.0,-0.443127
2026-02-05,0.648596,0.338284
2026-02-05,0.613136,0.141065
2026-02-05,0.733127,-0.222081
2026-02-05,0.64076,0.134196
2026-02-05,0.580894,0.182067
2026-02-04,0.629989,0.133683
2026-02-04,0.577243,0.131781
2026-02-04,0.535949,0.237057
2026-02-04,0.900259,0.006065
2026-02-04,0.621953,0.321266
2026-02-04,0.562882,0.334699
2026-02-04,0.615659,-0.212238
2026-02-04,0.580723,0.147632
2026-02-04,0.616629,0.317549
2026-02-04,0.575433,0.26891
2026-02-04,1.0,-0.383161
2026-02-04,0.597147,0.092887
2026-02-04,0.718738,-0.232428
2026-02-04,0.709971,-0.341707
2026-02-04,0.992113,0.470914
2026-02-04,1.0,0.40377
2026-02-04,0.73541,-0.115996
2026-02-04,1.0,0.213495
2026-02-04,0.747399,0.316155
2026-02-04,0.98031,0.423132
2026-02-04,0.586889,0.254678
2026-02-04,0.634249,0.034583
2026-02-04,0.594159,0.328518
2026-02-04,1.0,0.43035
2026-02-04,0.747857,-0.213115
2026-02-04,0.743661,0.302866
2026-02-04,0.724144,-0.208256
2026-02-04,0.723178,0.116472
2026-02-04,0.740874,0.333403
2026-02-04,1.0,-0.247725
2026-02-04,0.593474,0.037573
2026-02-04,0.888052,0.269744
2026-02-04,0.715081,-0.235525
2026-02-04,0.593056,-0.112436
2026-02-04,0.620206,0.000497
2026-02-04,0.616306,0.29466
2026-02-04,0.515656,0.546284
2026-02-04,0.599009,0.066803
2026-02-04,0.592756,0.445175
2026-02-04,0.648182,0.102397
2026-02-04,0.627875,0.323002
2026-02-04,0.550527,-0.057871
2026-02-04,0.910824,0.335775
2026-02-04,0.722336,-0.231898
2026-02-04,0.646384,0.132624
2026-02-04,0.702522,0.258732
2026-02-04,0.73656,-0.21855
2026-02-04,0.996839,0.116149
2026-02-04,0.578207,-0.21342
2026-02-04,0.51333,0.310802
2026-02-04,0.614258,0.144735
2026-02-04,1.0,0.404039
2026-02-04,1.0,-0.210478
2026-02-04,0.607617,0.149164
2026-02-04,0.630661,0.041336
2026-02-04,1.0,0.633748
2026-02-04,0.997268,0.702881
2026-02-04,1.0,0.414072
2026-02-04,0.731219,-0.208826
2026-02-04,0.607576,-0.106342
2026-02-04,0.952936,0.45176
2026-02-04,0.725489,0.219136
2026-02-04,1.0,0.267577
2026-02-04,1.0,0.297926
2026-02-04,1.0,0.264631
2026-02-04,1.0,0.473309
2026-02-04,0.972876,0.485514
2026-02-04,1.0,-0.206498
2026-02-04,0.552377,0.111187
2026-02-04,0.590152,-0.141245
2026-02-04,0.63872,-0.139342
2026-02-04,0.635779,0.336786
2026-02-04,0.727982,-0.242444
2026-02-03,0.716871,0.11923
2026-02-03,0.703829,0.253387
2026-02-03,0.743697,0.100717
2026-02-03,0.627734,0.115502
2026-02-03,0.925455,0.067539
2026-02-03,0.605077,-0.187289
2026-02-03,1.0,0.403957
2026-02-03,0.623793,0.686986
2026-02-03,0.739535,0.132014
2026-02-03,0.649203,0.123568
2026-02-03,0.707335,0.316975
2026-02-03,0.749381,0.121399
2026-02-03,0.642941,0.305607
2026-02-03,0.645867,0.305192
2026-02-03,0.742223,-0.214134
2026-02-03,0.572648,0.135846
2026-02-03,0.601008,-0.133233
2026-02-03,0.572581,-0.087438
2026-02-03,1.0,0.30725
2026-02-03,0.742382,0.306798
2026-02-03,0.754725,-0.11263
2026-02-03,0.577257,-0.129233
2026-02-03,1.0,0.307195
2026-02-03,0.600537,0.140306
2026-02-03,0.723714,0.149417
2026-02-03,0.738047,0.327662
2026-02-03,0.626521,0.347338
2026-02-03,0.976289,0.309024
2026-02-03,0.923718,0.300245
2026-02-03,1.0,0.630512
2026-02-03,0.615583,0.122256
2026-02-03,0.729568,0.100611
2026-02-03,0.717708,0.111942
2026-02-03,0.709592,0.232663
2026-02-03,0.640558,0.307725
2026-02-03,0.554691,0.14369
2026-02-03,0.617079,0.327947
2026-02-02,0.609035,0.045298
2026-02-02,0.562086,-0.109169
2026-02-02,0.645528,0.319979
2026-02-02,1.0,0.420891
2026-02-02,0.557234,0.303948
2026-02-02,0.570829,0.145159
2026-02-02,0.643766,-0.104618
2026-02-02,0.628854,0.226899
2026-02-02,0.6037,0.210837
2026-02-02,0.631471,0.198856
2026-02-02,0.605275,-0.188797
2026-02-02,0.724606,-0.142278
2026-02-02,0.612238,0.147032
2026-02-02,0.719986,0.31918
2026-02-02,1.0,0.521617
2026-02-02,0.622747,0.137258
2026-02-02,0.588833,-0.215933
2026-02-02,0.63618,0.240618
2026-02-02,0.572934,0.063952
2026-02-02,0.738455,-0.112278
